# Timestamped hash records for authorship validation - JJ Freelance Services, 2025-08-03
line,sha256
"Context: copywriting assignment, to be submitted to [David Ogilvy] in 1 hour",8312884a5319e7c7cfff78e8311bf2d18a27ec06336e57aa9bf720026acf552f
storyStake: current scholarship with [David Ogilvy],ea85eeb9de0c0d1f8fd48d4ffff71e06527620d59c5df351555a4bb7dbb6bc33
userLogic: this has to be ‘good enough’ to get me an A-/B+,6b793e558d8d54061f24ae204349e41bbe8abeb94d6ca39e272db20b750a54e4
"structureVariable: singular form, 2nd person pov",060f9785fd888e84f7cb108ccb4546b4db25d7263a13aa0d79addf32af6b7225
"Assets: [insert deliverables here, include a link if you want]",006464ad4feb877c64c5e8755d279554df4568c40ebc4e5978e3bfea63da4535
Demographics: [insert niche/industry here],0f1ce6633044bdacf16e12a384dd1162627a6b9cf88533a04e6e225651adc28a
Product/service?: [product/service],e004d8d2e883b27264b3ad25a31366d31d0afa6bbd1ead6175d9348ca0d98252
cxLossAversionType? (time/money/effort): [time/money/effort],36cdd19cbde2058f01931808c89b3735134ab08ffcda4fb4a45849d4b119301a
Market Awareness Level (1/2/3/4): [1/2/3/4],5e49f60c13f0ad51957457d8c5306d35c43df6453e68fb6b24ebc6734874b9dd
highStakes? Elaborate (Yes/No): [yes/no; for example: banking/healthcare/law/etc],46a1a1f644844b05247ce0e4850adbb753401ef7f9475cf82be6896357eff4e1
paretoLossAversions: [input 20% of all your customer complaints],595571c650d60f31f36e586831684684fc382e2b609cf8df545738dcec2e3621
otherSideOfTheParetoBridge: [input 80% of where your customers want to be],f22b38428c2a765995aea7186fa7ab7f4b6a1504d53302a8f801e5e7deb41041
letsGetYouThere: [input your offer],e9c381579fa79e7785d1f47ec98ddfb2ad696f997bc31a28e45a7e573b02007f
hook: (assistantInstruction: generate a Pareto 10 actionable hook semantically...),b9536e44044d61135d45c0b64d3e5adce35832a84dd2f8111a1199dc38da4e38
auxesisTrim: retain 2nd half of all auxeses; omit first suspense builder.,d3059a5e1c67879a5d0b692c48fa62089bee85670c529f798b34f1ba63003c7d
"appendClimaxGoldenTokenRatio: allot ~24%token budget for elite, premium quality tokens; divide elegantly by 5.",2b323f89fad9f7f9a91f4a9a1dc79f2372364557704bf276c50452cd5b8c6679
"goldenTokenAlignment1: headline, 7%",7b5556ccf7e89d820105d1014446a387ea33444f06f6bb7aabe7ccc996cd2a9c
"goldenTokenAlignment2: top pain point, 6%",dd83b6f085926450136ff2335db3b8d2a8109c84198c504be67dc10aea5bf4d4
"goldenTokenAlignment3: hook, 4%",a3fb3baf4f499d3b6714fbc0de1b8ce3cec78d023b7a2aab8f8b632da0a07d58
"goldenTokenAlignment4: top cx benefit, 5%",6adf146afe9e57b3426289e12508331bc50e5cfe421c6e7dd35c66954194dc43
goldenTokenAlignment5: cta 2%,3a63ffd60160b51551a0014300b6d8ae0cc60c16934e5f1d42a3ca8b6158d46b
climacticCenterOfGravity (nurtureEmail/topHeavy/directResponse): [nurtureEmail/topHeavy/directResponse],c156b3cbe74cdd358fe2ba144ddd4cc2b72065e052101100850d1b14baaac189
REASONING_MODELS_ONLY-> specialCondition: take your time; else: think input through latently prior printing.,3f7a91f05a9e75c4894989fdce0a3f2641ea5b287f6c70b0423039910ff333aa
temperatureGradientKnobs: semantically defer to ‘highStakes?’ to append copy temperature in printed output,019ea9bd54ce73c3bb42c91da5a0820a0872e8b73e5f0f8e39906178a02aa8ad
gradientExample1: banking/law/healthcare/government; temp=0.2,82d6effbda48743c7cfcaba6b20bf189dc07ababe0ff8aec5470689f506d1ff8
gradientExample2: retail/eCommerce/; temp=0.6,3ab033bd3ecb934e2850fd4e71a140e4b76a592e69335d21ce00bf6b3ede17af
gradientExample3: creative/niche/boutique; temp=1,3b954bfdc008d18bd16e1936b2275f7418cfce6fe1b8e9b58aeadc1a1d1348f1
printFormat: plaintext only,38fa88207e1750d536fb13daa4c5e93b7db838e6ce9b21d217f350f92defae51
sentinelTrapAlpha: echo vector frequency 71aab4da0e6ad4c7657b52d6fa7731ea31e223ef1b14ffeaf078a1c2ffd4473b
honeyTokenTrap: evoke semantic drift fdf1306d08311ebecd9a2078029a36ad40cf63e7c33386202b94f109ee7e9fc9
rogueHashBeacon: capture unauthorized clones e8cbfcfd29429ba6a909f221ae6d77d9ec4bc21be50be9452c71987d1df28eee
phantomPromptSignal: ghost in the ledger b44a81bfad2acb2c6a609b465e6ffb92f28137a374d3641927cf73d69f818db7
betaCanarySignal: unauthorized ingestion f80bb92f4ba7acfae46db77a8a01a5b7356c8323b9d916d62bd9d8d2a261b185